{"cameraMode":{"drawMode":0,"name":"Shaded","section":"Shading Mode"},"sceneLighting":false,"audioPlay":false,"sceneViewState":{"showFog":false,"showMaterialUpdate":false,"showSkybox":false,"showFlares":false,"showImageEffects":false,"showParticleSystems":false},"in2DMode":false,"pivot":{"x":5.210000038146973,"y":3.0349998474121095,"z":0.5799994468688965},"rotation":{"x":0.12033573538064957,"y":-0.16774457693099976,"z":0.020680421963334085,"w":0.9782828092575073},"size":6.870769500732422,"orthographic":false}