{"cameraMode":{"drawMode":0,"name":"Shaded","section":"Shading Mode"},"sceneLighting":false,"audioPlay":false,"sceneViewState":{"showFog":false,"showMaterialUpdate":false,"showSkybox":false,"showFlares":false,"showImageEffects":false,"showParticleSystems":false},"in2DMode":false,"pivot":{"x":2.5950801372528078,"y":0.6031320095062256,"z":4.1014323234558109},"rotation":{"x":0.17226794362068177,"y":0.055811453610658649,"z":-0.009696821682155133,"w":0.9834688305854797},"size":1.0808806419372559,"orthographic":false}