{"cameraMode":{"drawMode":0,"name":"Shaded","section":"Shading Mode"},"sceneLighting":false,"audioPlay":false,"sceneViewState":{"showFog":false,"showMaterialUpdate":false,"showSkybox":false,"showFlares":false,"showImageEffects":false,"showParticleSystems":false},"in2DMode":false,"pivot":{"x":0.7193490266799927,"y":4.507912635803223,"z":0.9239692687988281},"rotation":{"x":-0.011110872961580754,"y":-0.9874488115310669,"z":0.1350264847278595,"w":-0.08136148005723953},"size":8.599733352661133,"orthographic":false}