{"cameraMode":{"drawMode":0,"name":"Shaded","section":"Shading Mode"},"sceneLighting":false,"audioPlay":false,"sceneViewState":{"showFog":false,"showMaterialUpdate":false,"showSkybox":false,"showFlares":false,"showImageEffects":false,"showParticleSystems":false},"in2DMode":false,"pivot":{"x":5.210000038146973,"y":3.0349998474121095,"z":0.5799994468688965},"rotation":{"x":0.0955376923084259,"y":-0.5488444566726685,"z":0.06338553130626679,"w":0.8280761241912842},"size":6.870769500732422,"orthographic":false}