{"cameraMode":{"drawMode":0,"name":"Shaded","section":"Shading Mode"},"sceneLighting":false,"audioPlay":false,"sceneViewState":{"showFog":false,"showMaterialUpdate":false,"showSkybox":false,"showFlares":false,"showImageEffects":false,"showParticleSystems":false},"in2DMode":false,"pivot":{"x":1.8765947818756104,"y":1.4164139032363892,"z":1.0546369552612305},"rotation":{"x":0.7118700742721558,"y":-0.15164637565612794,"z":0.16209368407726289,"w":0.6663891077041626},"size":0.45415937900543215,"orthographic":false}