{"cameraMode":{"drawMode":0,"name":"Shaded","section":"Shading Mode"},"sceneLighting":false,"audioPlay":false,"sceneViewState":{"showFog":false,"showMaterialUpdate":false,"showSkybox":false,"showFlares":false,"showImageEffects":false,"showParticleSystems":false},"in2DMode":false,"pivot":{"x":7.399602890014648,"y":1.6562201976776124,"z":-0.5149674415588379},"rotation":{"x":0.009133392944931984,"y":-0.990859866142273,"z":0.09931811690330506,"w":0.09120970219373703},"size":2.5011260509490969,"orthographic":false}