{"cameraMode":{"drawMode":0,"name":"Shaded","section":"Shading Mode"},"sceneLighting":true,"audioPlay":false,"sceneViewState":{"showFog":false,"showMaterialUpdate":false,"showSkybox":false,"showFlares":false,"showImageEffects":false,"showParticleSystems":false},"in2DMode":false,"pivot":{"x":9.712203025817871,"y":1.1714447736740113,"z":3.4018373489379885},"rotation":{"x":0.049076877534389499,"y":-0.8255611062049866,"z":0.07279222458600998,"w":0.5575277805328369},"size":0.4485222101211548,"orthographic":false}