{"cameraMode":{"drawMode":0,"name":"Shaded","section":"Shading Mode"},"sceneLighting":false,"audioPlay":false,"sceneViewState":{"showFog":false,"showMaterialUpdate":false,"showSkybox":false,"showFlares":false,"showImageEffects":false,"showParticleSystems":false},"in2DMode":false,"pivot":{"x":2.7300000190734865,"y":0.7849999666213989,"z":-4.656612873077393e-10},"rotation":{"x":0.21706964075565339,"y":-0.5575920343399048,"z":0.1540292203426361,"w":0.7863478660583496},"size":1.8050000667572022,"orthographic":false}