{"cameraMode":{"drawMode":0,"name":"Shaded","section":"Shading Mode"},"sceneLighting":false,"audioPlay":false,"sceneViewState":{"showFog":false,"showMaterialUpdate":false,"showSkybox":false,"showFlares":false,"showImageEffects":false,"showParticleSystems":false},"in2DMode":false,"pivot":{"x":0.3452773094177246,"y":-0.1619167923927307,"z":-0.09775376319885254},"rotation":{"x":0.0955376923084259,"y":-0.5488444566726685,"z":0.06338553130626679,"w":0.8280761241912842},"size":5.966856002807617,"orthographic":false}