{"cameraMode":{"drawMode":0,"name":"Shaded","section":"Shading Mode"},"sceneLighting":false,"audioPlay":false,"sceneViewState":{"showFog":false,"showMaterialUpdate":false,"showSkybox":false,"showFlares":false,"showImageEffects":false,"showParticleSystems":false},"in2DMode":false,"pivot":{"x":-0.5097274780273438,"y":5.20900821685791,"z":3.552262783050537},"rotation":{"x":0.0955376923084259,"y":-0.5488444566726685,"z":0.06338553130626679,"w":0.8280761241912842},"size":7.48927640914917,"orthographic":false}