{"cameraMode":{"drawMode":0,"name":"Shaded","section":"Shading Mode"},"sceneLighting":false,"audioPlay":false,"sceneViewState":{"showFog":false,"showMaterialUpdate":false,"showSkybox":false,"showFlares":false,"showImageEffects":false,"showParticleSystems":false},"in2DMode":false,"pivot":{"x":2.0085220336914064,"y":2.029952049255371,"z":0.11928665637969971},"rotation":{"x":0.4113020598888397,"y":-0.25682681798934939,"z":0.12206880003213883,"w":0.8660646080970764},"size":0.9787426590919495,"orthographic":false}