{"cameraMode":{"drawMode":0,"name":"Shaded","section":"Shading Mode"},"sceneLighting":false,"audioPlay":false,"sceneViewState":{"showFog":false,"showMaterialUpdate":false,"showSkybox":false,"showFlares":false,"showImageEffects":false,"showParticleSystems":false},"in2DMode":false,"pivot":{"x":-8.015604972839356,"y":1.433437705039978,"z":0.06063985824584961},"rotation":{"x":0.009133392944931984,"y":-0.990859866142273,"z":0.09931811690330506,"w":0.09120970219373703},"size":1.8309247493743897,"orthographic":false}