{"cameraMode":{"drawMode":0,"name":"Shaded","section":"Shading Mode"},"sceneLighting":true,"audioPlay":false,"sceneViewState":{"showFog":false,"showMaterialUpdate":false,"showSkybox":false,"showFlares":false,"showImageEffects":false,"showParticleSystems":false},"in2DMode":false,"pivot":{"x":2.9300358295440676,"y":1.3422024250030518,"z":5.077735900878906},"rotation":{"x":0.05594881996512413,"y":-0.7757695913314819,"z":0.06958132982254029,"w":0.6247442364692688},"size":1.0639190673828126,"orthographic":false}