{"cameraMode":{"drawMode":0,"name":"Shaded","section":"Shading Mode"},"sceneLighting":false,"audioPlay":false,"sceneViewState":{"showFog":false,"showMaterialUpdate":false,"showSkybox":false,"showFlares":false,"showImageEffects":false,"showParticleSystems":false},"in2DMode":false,"pivot":{"x":1.8360042572021485,"y":-1.6960105895996094,"z":17.29794692993164},"rotation":{"x":-0.0005305985105223954,"y":-0.9915811419487,"z":0.12953461706638337,"w":-0.0041744643822312359},"size":16.75673484802246,"orthographic":false}