{"cameraMode":{"drawMode":0,"name":"Shaded","section":"Shading Mode"},"sceneLighting":false,"audioPlay":false,"sceneViewState":{"showFog":false,"showMaterialUpdate":false,"showSkybox":false,"showFlares":false,"showImageEffects":false,"showParticleSystems":false},"in2DMode":false,"pivot":{"x":1.9320000410079957,"y":1.9789999723434449,"z":0.0},"rotation":{"x":0.09910807013511658,"y":-0.40808337926864626,"z":0.04461761191487312,"w":0.9064887166023254},"size":0.09482657164335251,"orthographic":false}