{"cameraMode":{"drawMode":0,"name":"Shaded","section":"Shading Mode"},"sceneLighting":false,"audioPlay":false,"sceneViewState":{"showFog":false,"showMaterialUpdate":false,"showSkybox":false,"showFlares":false,"showImageEffects":false,"showParticleSystems":false},"in2DMode":false,"pivot":{"x":2.8165135383605959,"y":1.6796801090240479,"z":5.647999286651611},"rotation":{"x":0.16570603847503663,"y":-0.10334814339876175,"z":0.0174714382737875,"w":0.9806226491928101},"size":1.153074026107788,"orthographic":false}