{"cameraMode":{"drawMode":0,"name":"Shaded","section":"Shading Mode"},"sceneLighting":false,"audioPlay":false,"sceneViewState":{"showFog":false,"showMaterialUpdate":false,"showSkybox":false,"showFlares":false,"showImageEffects":false,"showParticleSystems":false},"in2DMode":false,"pivot":{"x":1.950682520866394,"y":2.290221691131592,"z":0.952471911907196},"rotation":{"x":0.5600225925445557,"y":-0.30573439598083498,"z":0.23343947529792787,"w":0.7338308691978455},"size":0.6025744676589966,"orthographic":false}