{"cameraMode":{"drawMode":0,"name":"Shaded","section":"Shading Mode"},"sceneLighting":false,"audioPlay":false,"sceneViewState":{"showFog":false,"showMaterialUpdate":false,"showSkybox":false,"showFlares":false,"showImageEffects":false,"showParticleSystems":false},"in2DMode":false,"pivot":{"x":1.9346437454223633,"y":0.8525713682174683,"z":4.292516231536865},"rotation":{"x":0.16911636292934419,"y":-0.4965802729129791,"z":0.09932420402765274,"w":0.8455812931060791},"size":1.38088059425354,"orthographic":false}