{"cameraMode":{"drawMode":0,"name":"Shaded","section":"Shading Mode"},"sceneLighting":false,"audioPlay":false,"sceneViewState":{"showFog":false,"showMaterialUpdate":false,"showSkybox":false,"showFlares":false,"showImageEffects":false,"showParticleSystems":false},"in2DMode":false,"pivot":{"x":44.77924728393555,"y":0.56203293800354,"z":19.3653564453125},"rotation":{"x":0.10041683912277222,"y":0.8073331117630005,"z":-0.14391812682151795,"w":0.5634221434593201},"size":4.29581356048584,"orthographic":false}