{"cameraMode":{"drawMode":0,"name":"Shaded","section":"Shading Mode"},"sceneLighting":true,"audioPlay":false,"sceneViewState":{"showFog":false,"showMaterialUpdate":false,"showSkybox":false,"showFlares":false,"showImageEffects":false,"showParticleSystems":false},"in2DMode":false,"pivot":{"x":3.156055212020874,"y":0.9973357319831848,"z":5.569475173950195},"rotation":{"x":-0.01135852187871933,"y":-0.8718356490135193,"z":-0.020113732665777208,"w":0.4893536865711212},"size":0.6771050691604614,"orthographic":false}