{"cameraMode":{"drawMode":0,"name":"Shaded","section":"Shading Mode"},"sceneLighting":true,"audioPlay":false,"sceneViewState":{"showFog":false,"showMaterialUpdate":false,"showSkybox":false,"showFlares":false,"showImageEffects":false,"showParticleSystems":false},"in2DMode":false,"pivot":{"x":2.70954966545105,"y":3.7630484104156496,"z":-7.197859764099121},"rotation":{"x":-0.042156513780355456,"y":0.08174923062324524,"z":-0.0034551273565739395,"w":-0.995769202709198},"size":1.2247449159622193,"orthographic":false}