{"cameraMode":{"drawMode":0,"name":"Shaded","section":"Shading Mode"},"sceneLighting":false,"audioPlay":false,"sceneViewState":{"showFog":false,"showMaterialUpdate":false,"showSkybox":false,"showFlares":false,"showImageEffects":false,"showParticleSystems":false},"in2DMode":false,"pivot":{"x":4.170000076293945,"y":0.9300000667572022,"z":-7.199999809265137},"rotation":{"x":0.11303353309631348,"y":-0.4008609354496002,"z":0.04997742176055908,"w":0.9078190922737122},"size":1.2247449159622193,"orthographic":false}