{"cameraMode":{"drawMode":0,"name":"Shaded","section":"Shading Mode"},"sceneLighting":false,"audioPlay":false,"sceneViewState":{"showFog":false,"showMaterialUpdate":false,"showSkybox":false,"showFlares":false,"showImageEffects":false,"showParticleSystems":false},"in2DMode":false,"pivot":{"x":-1.179722785949707,"y":1.7597551345825196,"z":16.11402130126953},"rotation":{"x":0.10041683912277222,"y":0.8073331117630005,"z":-0.14391812682151795,"w":0.5634221434593201},"size":8.234701156616211,"orthographic":false}