{"cameraMode":{"drawMode":0,"name":"Shaded","section":"Shading Mode"},"sceneLighting":true,"audioPlay":false,"sceneViewState":{"showFog":false,"showMaterialUpdate":false,"showSkybox":false,"showFlares":false,"showImageEffects":false,"showParticleSystems":false},"in2DMode":false,"pivot":{"x":-1.3278307914733887,"y":4.38464879989624,"z":0.8438339233398438},"rotation":{"x":0.08482345938682556,"y":0.9026561379432678,"z":-0.2088806927204132,"w":0.36661869287490847},"size":9.444029808044434,"orthographic":false}