{"cameraMode":{"drawMode":0,"name":"Shaded","section":"Shading Mode"},"sceneLighting":false,"audioPlay":false,"sceneViewState":{"showFog":false,"showMaterialUpdate":false,"showSkybox":false,"showFlares":false,"showImageEffects":false,"showParticleSystems":false},"in2DMode":false,"pivot":{"x":2.083463668823242,"y":2.667377471923828,"z":0.13115280866622926},"rotation":{"x":0.0955376923084259,"y":-0.5488444566726685,"z":0.06338553130626679,"w":0.8280761241912842},"size":0.2291141152381897,"orthographic":false}