{"cameraMode":{"drawMode":0,"name":"Shaded","section":"Shading Mode"},"sceneLighting":false,"audioPlay":false,"sceneViewState":{"showFog":false,"showMaterialUpdate":false,"showSkybox":false,"showFlares":false,"showImageEffects":false,"showParticleSystems":false},"in2DMode":false,"pivot":{"x":3.764524459838867,"y":1.773378849029541,"z":0.06915616989135742},"rotation":{"x":0.009133392944931984,"y":-0.990859866142273,"z":0.09931811690330506,"w":0.09120970219373703},"size":2.009453296661377,"orthographic":false}