{"cameraMode":{"drawMode":0,"name":"Shaded","section":"Shading Mode"},"sceneLighting":false,"audioPlay":false,"sceneViewState":{"showFog":false,"showMaterialUpdate":false,"showSkybox":false,"showFlares":false,"showImageEffects":false,"showParticleSystems":false},"in2DMode":false,"pivot":{"x":4.470510959625244,"y":1.9826602935791016,"z":-1.0442818403244019},"rotation":{"x":0.15101182460784913,"y":-0.5541824102401733,"z":0.10314195603132248,"w":0.8121173977851868},"size":0.06184673309326172,"orthographic":false}