{"cameraMode":{"drawMode":0,"name":"Shaded","section":"Shading Mode"},"sceneLighting":true,"audioPlay":false,"sceneViewState":{"showFog":false,"showMaterialUpdate":false,"showSkybox":false,"showFlares":false,"showImageEffects":false,"showParticleSystems":false},"in2DMode":false,"pivot":{"x":9.5600004196167,"y":0.6499999165534973,"z":3.440000057220459},"rotation":{"x":0.17429526150226594,"y":-0.17039929330348969,"z":0.03064379282295704,"w":0.9693870544433594},"size":3.540311813354492,"orthographic":false}