{"cameraMode":{"drawMode":0,"name":"Shaded","section":"Shading Mode"},"sceneLighting":false,"audioPlay":false,"sceneViewState":{"showFog":false,"showMaterialUpdate":false,"showSkybox":false,"showFlares":false,"showImageEffects":false,"showParticleSystems":false},"in2DMode":false,"pivot":{"x":-0.5925254821777344,"y":1.7999999523162842,"z":0.006019651889801025},"rotation":{"x":0.020969843491911889,"y":0.8944801688194275,"z":0.04215727373957634,"w":-0.44471031427383425},"size":1.6445764303207398,"orthographic":false}