{"cameraMode":{"drawMode":0,"name":"Shaded","section":"Shading Mode"},"sceneLighting":false,"audioPlay":false,"sceneViewState":{"showFog":false,"showMaterialUpdate":false,"showSkybox":false,"showFlares":false,"showImageEffects":false,"showParticleSystems":false},"in2DMode":false,"pivot":{"x":0.0,"y":1.706221342086792,"z":-0.6238567233085632},"rotation":{"x":0.09910807013511658,"y":-0.40808337926864626,"z":0.04461761191487312,"w":0.9064887166023254},"size":1.6835548877716065,"orthographic":false}