{"cameraMode":{"drawMode":0,"name":"Shaded","section":"Shading Mode"},"sceneLighting":true,"audioPlay":false,"sceneViewState":{"showFog":false,"showMaterialUpdate":false,"showSkybox":false,"showFlares":false,"showImageEffects":false,"showParticleSystems":false},"in2DMode":false,"pivot":{"x":1.1499996185302735,"y":8.09000015258789,"z":0.22999954223632813},"rotation":{"x":0.08482345938682556,"y":0.9026561379432678,"z":-0.2088806927204132,"w":0.36661869287490847},"size":38.676692962646487,"orthographic":false}