{"cameraMode":{"drawMode":0,"name":"Shaded","section":"Shading Mode"},"sceneLighting":false,"audioPlay":false,"sceneViewState":{"showFog":false,"showMaterialUpdate":false,"showSkybox":false,"showFlares":false,"showImageEffects":false,"showParticleSystems":false},"in2DMode":false,"pivot":{"x":19.459999084472658,"y":3.2699999809265138,"z":-1.7799999713897706},"rotation":{"x":0.12033573538064957,"y":-0.16774457693099976,"z":0.020680421963334085,"w":0.9782828092575073},"size":1.4320507049560547,"orthographic":false}