{"cameraMode":{"drawMode":0,"name":"Shaded","section":"Shading Mode"},"sceneLighting":false,"audioPlay":false,"sceneViewState":{"showFog":false,"showMaterialUpdate":false,"showSkybox":false,"showFlares":false,"showImageEffects":false,"showParticleSystems":false},"in2DMode":false,"pivot":{"x":7.7119245529174809,"y":1.135132074356079,"z":3.1668496131896974},"rotation":{"x":0.13440650701522828,"y":-0.4749220907688141,"z":0.07372912764549256,"w":0.8666287064552307},"size":6.1268086433410648,"orthographic":false}