{"cameraMode":{"drawMode":0,"name":"Shaded","section":"Shading Mode"},"sceneLighting":false,"audioPlay":false,"sceneViewState":{"showFog":false,"showMaterialUpdate":false,"showSkybox":false,"showFlares":false,"showImageEffects":false,"showParticleSystems":false},"in2DMode":false,"pivot":{"x":0.17205238342285157,"y":2.642421245574951,"z":-3.4229936599731447},"rotation":{"x":0.10041683912277222,"y":0.8073331117630005,"z":-0.14391812682151795,"w":0.5634221434593201},"size":4.734465599060059,"orthographic":false}