{"cameraMode":{"drawMode":0,"name":"Shaded","section":"Shading Mode"},"sceneLighting":false,"audioPlay":false,"sceneViewState":{"showFog":false,"showMaterialUpdate":false,"showSkybox":false,"showFlares":false,"showImageEffects":false,"showParticleSystems":false},"in2DMode":false,"pivot":{"x":2.5046486854553224,"y":1.6278696060180665,"z":1.6669666767120362},"rotation":{"x":0.05088241398334503,"y":-0.8465737700462341,"z":0.0822909027338028,"w":0.5234662890434265},"size":0.2974255681037903,"orthographic":false}