{"cameraMode":{"drawMode":0,"name":"Shaded","section":"Shading Mode"},"sceneLighting":false,"audioPlay":false,"sceneViewState":{"showFog":false,"showMaterialUpdate":false,"showSkybox":false,"showFlares":false,"showImageEffects":false,"showParticleSystems":false},"in2DMode":false,"pivot":{"x":2.707343578338623,"y":2.1731226444244386,"z":5.484741687774658},"rotation":{"x":0.11836234480142594,"y":0.11263754218816757,"z":-0.013434172607958317,"w":0.9865185022354126},"size":0.7516323924064636,"orthographic":false}